student_id,first_name,last_name,email,course_id,grade,marks
0,Student0,Test0,student0@yahoo.com,DATA200,A,90
1,Student1,Test1,student1@yahoo.com,DATA200,A,91
2,Student2,Test2,student2@yahoo.com,DATA200,A,92
3,Student3,Test3,student3@yahoo.com,DATA200,A,93
4,Student4,Test4,student4@yahoo.com,DATA200,A,94
5,Student5,Test5,student5@yahoo.com,DATA200,A,95
6,Student6,Test6,student6@yahoo.com,DATA200,A,96
7,Student7,Test7,student7@yahoo.com,DATA200,A,97
8,Student8,Test8,student8@yahoo.com,DATA200,A,98
9,Student9,Test9,student9@yahoo.com,DATA200,A,99
10,Student10,Test10,student10@yahoo.com,DATA200,C,90
11,Student11,Test11,student11@yahoo.com,DATA200,A,91
12,Student12,Test12,student12@yahoo.com,DATA200,A,92
13,Student13,Test13,student13@yahoo.com,DATA200,A,93
14,Student14,Test14,student14@yahoo.com,DATA200,A,94
15,Student15,Test15,student15@yahoo.com,DATA200,A,95
16,Student16,Test16,student16@yahoo.com,DATA200,A,96
17,Student17,Test17,student17@yahoo.com,DATA200,A,97
18,Student18,Test18,student18@yahoo.com,DATA200,A,98
19,Student19,Test19,student19@yahoo.com,DATA200,A,99
20,Student20,Test20,student20@yahoo.com,DATA200,A,90
21,Student21,Test21,student21@yahoo.com,DATA200,A,91
22,Student22,Test22,student22@yahoo.com,DATA200,A,92
23,Student23,Test23,student23@yahoo.com,DATA200,A,93
24,Student24,Test24,student24@yahoo.com,DATA200,A,94
25,Student25,Test25,student25@yahoo.com,DATA200,A,95
26,Student26,Test26,student26@yahoo.com,DATA200,A,96
27,Student27,Test27,student27@yahoo.com,DATA200,A,97
28,Student28,Test28,student28@yahoo.com,DATA200,A,98
29,Student29,Test29,student29@yahoo.com,DATA200,A,99
30,Student30,Test30,student30@yahoo.com,DATA200,A,90
31,Student31,Test31,student31@yahoo.com,DATA200,A,91
32,Student32,Test32,student32@yahoo.com,DATA200,A,92
33,Student33,Test33,student33@yahoo.com,DATA200,A,93
34,Student34,Test34,student34@yahoo.com,DATA200,A,94
35,Student35,Test35,student35@yahoo.com,DATA200,A,95
36,Student36,Test36,student36@yahoo.com,DATA200,A,96
37,Student37,Test37,student37@yahoo.com,DATA200,A,97
38,Student38,Test38,student38@yahoo.com,DATA200,A,98
39,Student39,Test39,student39@yahoo.com,DATA200,A,99
40,Student40,Test40,student40@yahoo.com,DATA200,A,90
41,Student41,Test41,student41@yahoo.com,DATA200,A,91
42,Student42,Test42,student42@yahoo.com,DATA200,A,92
43,Student43,Test43,student43@yahoo.com,DATA200,A,93
44,Student44,Test44,student44@yahoo.com,DATA200,A,94
45,Student45,Test45,student45@yahoo.com,DATA200,A,95
46,Student46,Test46,student46@yahoo.com,DATA200,A,96
47,Student47,Test47,student47@yahoo.com,DATA200,A,97
48,Student48,Test48,student48@yahoo.com,DATA200,A,98
49,Student49,Test49,student49@yahoo.com,DATA200,A,99
50,Student50,Test50,student50@yahoo.com,DATA200,A,90
51,Student51,Test51,student51@yahoo.com,DATA200,A,91
52,Student52,Test52,student52@yahoo.com,DATA200,A,92
53,Student53,Test53,student53@yahoo.com,DATA200,A,93
54,Student54,Test54,student54@yahoo.com,DATA200,A,94
55,Student55,Test55,student55@yahoo.com,DATA200,A,95
56,Student56,Test56,student56@yahoo.com,DATA200,A,96
57,Student57,Test57,student57@yahoo.com,DATA200,A,97
58,Student58,Test58,student58@yahoo.com,DATA200,A,98
59,Student59,Test59,student59@yahoo.com,DATA200,A,99
60,Student60,Test60,student60@yahoo.com,DATA200,A,90
61,Student61,Test61,student61@yahoo.com,DATA200,A,91
62,Student62,Test62,student62@yahoo.com,DATA200,A,92
63,Student63,Test63,student63@yahoo.com,DATA200,A,93
64,Student64,Test64,student64@yahoo.com,DATA200,A,94
65,Student65,Test65,student65@yahoo.com,DATA200,A,95
66,Student66,Test66,student66@yahoo.com,DATA200,A,96
67,Student67,Test67,student67@yahoo.com,DATA200,A,97
68,Student68,Test68,student68@yahoo.com,DATA200,A,98
69,Student69,Test69,student69@yahoo.com,DATA200,A,99
70,Student70,Test70,student70@yahoo.com,DATA200,A,90
71,Student71,Test71,student71@yahoo.com,DATA200,A,91
72,Student72,Test72,student72@yahoo.com,DATA200,A,92
73,Student73,Test73,student73@yahoo.com,DATA200,A,93
74,Student74,Test74,student74@yahoo.com,DATA200,A,94
75,Student75,Test75,student75@yahoo.com,DATA200,A,95
76,Student76,Test76,student76@yahoo.com,DATA200,A,96
77,Student77,Test77,student77@yahoo.com,DATA200,A,97
78,Student78,Test78,student78@yahoo.com,DATA200,A,98
79,Student79,Test79,student79@yahoo.com,DATA200,A,99
80,Student80,Test80,student80@yahoo.com,DATA200,A,90
81,Student81,Test81,student81@yahoo.com,DATA200,A,91
82,Student82,Test82,student82@yahoo.com,DATA200,A,92
83,Student83,Test83,student83@yahoo.com,DATA200,A,93
84,Student84,Test84,student84@yahoo.com,DATA200,A,94
85,Student85,Test85,student85@yahoo.com,DATA200,A,95
86,Student86,Test86,student86@yahoo.com,DATA200,A,96
87,Student87,Test87,student87@yahoo.com,DATA200,A,97
88,Student88,Test88,student88@yahoo.com,DATA200,A,98
89,Student89,Test89,student89@yahoo.com,DATA200,A,99
90,Student90,Test90,student90@yahoo.com,DATA200,A,90
91,Student91,Test91,student91@yahoo.com,DATA200,A,91
92,Student92,Test92,student92@yahoo.com,DATA200,A,92
93,Student93,Test93,student93@yahoo.com,DATA200,A,93
94,Student94,Test94,student94@yahoo.com,DATA200,A,94
95,Student95,Test95,student95@yahoo.com,DATA200,A,95
96,Student96,Test96,student96@yahoo.com,DATA200,A,96
97,Student97,Test97,student97@yahoo.com,DATA200,A,97
98,Student98,Test98,student98@yahoo.com,DATA200,A,98
99,Student99,Test99,student99@yahoo.com,DATA200,A,99
100,Student100,Test100,student100@yahoo.com,DATA200,A,90
101,Student101,Test101,student101@yahoo.com,DATA200,A,91
102,Student102,Test102,student102@yahoo.com,DATA200,A,92
103,Student103,Test103,student103@yahoo.com,DATA200,A,93
104,Student104,Test104,student104@yahoo.com,DATA200,A,94
105,Student105,Test105,student105@yahoo.com,DATA200,A,95
106,Student106,Test106,student106@yahoo.com,DATA200,A,96
107,Student107,Test107,student107@yahoo.com,DATA200,A,97
108,Student108,Test108,student108@yahoo.com,DATA200,A,98
109,Student109,Test109,student109@yahoo.com,DATA200,A,99
110,Student110,Test110,student110@yahoo.com,DATA200,A,90
111,Student111,Test111,student111@yahoo.com,DATA200,A,91
112,Student112,Test112,student112@yahoo.com,DATA200,A,92
113,Student113,Test113,student113@yahoo.com,DATA200,A,93
114,Student114,Test114,student114@yahoo.com,DATA200,A,94
115,Student115,Test115,student115@yahoo.com,DATA200,A,95
116,Student116,Test116,student116@yahoo.com,DATA200,A,96
117,Student117,Test117,student117@yahoo.com,DATA200,A,97
118,Student118,Test118,student118@yahoo.com,DATA200,A,98
119,Student119,Test119,student119@yahoo.com,DATA200,A,99
120,Student120,Test120,student120@yahoo.com,DATA200,A,90
121,Student121,Test121,student121@yahoo.com,DATA200,A,91
122,Student122,Test122,student122@yahoo.com,DATA200,A,92
123,Student123,Test123,student123@yahoo.com,DATA200,A,93
124,Student124,Test124,student124@yahoo.com,DATA200,A,94
125,Student125,Test125,student125@yahoo.com,DATA200,A,95
126,Student126,Test126,student126@yahoo.com,DATA200,A,96
127,Student127,Test127,student127@yahoo.com,DATA200,A,97
128,Student128,Test128,student128@yahoo.com,DATA200,A,98
129,Student129,Test129,student129@yahoo.com,DATA200,A,99
130,Student130,Test130,student130@yahoo.com,DATA200,A,90
131,Student131,Test131,student131@yahoo.com,DATA200,A,91
132,Student132,Test132,student132@yahoo.com,DATA200,A,92
133,Student133,Test133,student133@yahoo.com,DATA200,A,93
134,Student134,Test134,student134@yahoo.com,DATA200,A,94
135,Student135,Test135,student135@yahoo.com,DATA200,A,95
136,Student136,Test136,student136@yahoo.com,DATA200,A,96
137,Student137,Test137,student137@yahoo.com,DATA200,A,97
138,Student138,Test138,student138@yahoo.com,DATA200,A,98
139,Student139,Test139,student139@yahoo.com,DATA200,A,99
140,Student140,Test140,student140@yahoo.com,DATA200,A,90
141,Student141,Test141,student141@yahoo.com,DATA200,A,91
142,Student142,Test142,student142@yahoo.com,DATA200,A,92
143,Student143,Test143,student143@yahoo.com,DATA200,A,93
144,Student144,Test144,student144@yahoo.com,DATA200,A,94
145,Student145,Test145,student145@yahoo.com,DATA200,A,95
146,Student146,Test146,student146@yahoo.com,DATA200,A,96
147,Student147,Test147,student147@yahoo.com,DATA200,A,97
148,Student148,Test148,student148@yahoo.com,DATA200,A,98
149,Student149,Test149,student149@yahoo.com,DATA200,A,99
150,Student150,Test150,student150@yahoo.com,DATA200,A,90
151,Student151,Test151,student151@yahoo.com,DATA200,A,91
152,Student152,Test152,student152@yahoo.com,DATA200,A,92
153,Student153,Test153,student153@yahoo.com,DATA200,A,93
154,Student154,Test154,student154@yahoo.com,DATA200,A,94
155,Student155,Test155,student155@yahoo.com,DATA200,A,95
156,Student156,Test156,student156@yahoo.com,DATA200,A,96
157,Student157,Test157,student157@yahoo.com,DATA200,A,97
158,Student158,Test158,student158@yahoo.com,DATA200,A,98
159,Student159,Test159,student159@yahoo.com,DATA200,A,99
160,Student160,Test160,student160@yahoo.com,DATA200,A,90
161,Student161,Test161,student161@yahoo.com,DATA200,A,91
162,Student162,Test162,student162@yahoo.com,DATA200,A,92
163,Student163,Test163,student163@yahoo.com,DATA200,A,93
164,Student164,Test164,student164@yahoo.com,DATA200,A,94
165,Student165,Test165,student165@yahoo.com,DATA200,A,95
166,Student166,Test166,student166@yahoo.com,DATA200,A,96
167,Student167,Test167,student167@yahoo.com,DATA200,A,97
168,Student168,Test168,student168@yahoo.com,DATA200,A,98
169,Student169,Test169,student169@yahoo.com,DATA200,A,99
170,Student170,Test170,student170@yahoo.com,DATA200,A,90
171,Student171,Test171,student171@yahoo.com,DATA200,A,91
172,Student172,Test172,student172@yahoo.com,DATA200,A,92
173,Student173,Test173,student173@yahoo.com,DATA200,A,93
174,Student174,Test174,student174@yahoo.com,DATA200,A,94
175,Student175,Test175,student175@yahoo.com,DATA200,A,95
176,Student176,Test176,student176@yahoo.com,DATA200,A,96
177,Student177,Test177,student177@yahoo.com,DATA200,A,97
178,Student178,Test178,student178@yahoo.com,DATA200,A,98
179,Student179,Test179,student179@yahoo.com,DATA200,A,99
180,Student180,Test180,student180@yahoo.com,DATA200,A,90
181,Student181,Test181,student181@yahoo.com,DATA200,A,91
182,Student182,Test182,student182@yahoo.com,DATA200,A,92
183,Student183,Test183,student183@yahoo.com,DATA200,A,93
184,Student184,Test184,student184@yahoo.com,DATA200,A,94
185,Student185,Test185,student185@yahoo.com,DATA200,A,95
186,Student186,Test186,student186@yahoo.com,DATA200,A,96
187,Student187,Test187,student187@yahoo.com,DATA200,A,97
188,Student188,Test188,student188@yahoo.com,DATA200,A,98
189,Student189,Test189,student189@yahoo.com,DATA200,A,99
190,Student190,Test190,student190@yahoo.com,DATA200,A,90
191,Student191,Test191,student191@yahoo.com,DATA200,A,91
192,Student192,Test192,student192@yahoo.com,DATA200,A,92
193,Student193,Test193,student193@yahoo.com,DATA200,A,93
194,Student194,Test194,student194@yahoo.com,DATA200,A,94
195,Student195,Test195,student195@yahoo.com,DATA200,A,95
196,Student196,Test196,student196@yahoo.com,DATA200,A,96
197,Student197,Test197,student197@yahoo.com,DATA200,A,97
198,Student198,Test198,student198@yahoo.com,DATA200,A,98
199,Student199,Test199,student199@yahoo.com,DATA200,A,99
200,Student200,Test200,student200@yahoo.com,DATA200,A,90
201,Student201,Test201,student201@yahoo.com,DATA200,A,91
202,Student202,Test202,student202@yahoo.com,DATA200,A,92
203,Student203,Test203,student203@yahoo.com,DATA200,A,93
204,Student204,Test204,student204@yahoo.com,DATA200,A,94
205,Student205,Test205,student205@yahoo.com,DATA200,A,95
206,Student206,Test206,student206@yahoo.com,DATA200,A,96
207,Student207,Test207,student207@yahoo.com,DATA200,A,97
208,Student208,Test208,student208@yahoo.com,DATA200,A,98
209,Student209,Test209,student209@yahoo.com,DATA200,A,99
210,Student210,Test210,student210@yahoo.com,DATA200,A,90
211,Student211,Test211,student211@yahoo.com,DATA200,A,91
212,Student212,Test212,student212@yahoo.com,DATA200,A,92
213,Student213,Test213,student213@yahoo.com,DATA200,A,93
214,Student214,Test214,student214@yahoo.com,DATA200,A,94
215,Student215,Test215,student215@yahoo.com,DATA200,A,95
216,Student216,Test216,student216@yahoo.com,DATA200,A,96
217,Student217,Test217,student217@yahoo.com,DATA200,A,97
218,Student218,Test218,student218@yahoo.com,DATA200,A,98
219,Student219,Test219,student219@yahoo.com,DATA200,A,99
220,Student220,Test220,student220@yahoo.com,DATA200,A,90
221,Student221,Test221,student221@yahoo.com,DATA200,A,91
222,Student222,Test222,student222@yahoo.com,DATA200,A,92
223,Student223,Test223,student223@yahoo.com,DATA200,A,93
224,Student224,Test224,student224@yahoo.com,DATA200,A,94
225,Student225,Test225,student225@yahoo.com,DATA200,A,95
226,Student226,Test226,student226@yahoo.com,DATA200,A,96
227,Student227,Test227,student227@yahoo.com,DATA200,A,97
228,Student228,Test228,student228@yahoo.com,DATA200,A,98
229,Student229,Test229,student229@yahoo.com,DATA200,A,99
230,Student230,Test230,student230@yahoo.com,DATA200,A,90
231,Student231,Test231,student231@yahoo.com,DATA200,A,91
232,Student232,Test232,student232@yahoo.com,DATA200,A,92
233,Student233,Test233,student233@yahoo.com,DATA200,A,93
234,Student234,Test234,student234@yahoo.com,DATA200,A,94
235,Student235,Test235,student235@yahoo.com,DATA200,A,95
236,Student236,Test236,student236@yahoo.com,DATA200,A,96
237,Student237,Test237,student237@yahoo.com,DATA200,A,97
238,Student238,Test238,student238@yahoo.com,DATA200,A,98
239,Student239,Test239,student239@yahoo.com,DATA200,A,99
240,Student240,Test240,student240@yahoo.com,DATA200,A,90
241,Student241,Test241,student241@yahoo.com,DATA200,A,91
242,Student242,Test242,student242@yahoo.com,DATA200,A,92
243,Student243,Test243,student243@yahoo.com,DATA200,A,93
244,Student244,Test244,student244@yahoo.com,DATA200,A,94
245,Student245,Test245,student245@yahoo.com,DATA200,A,95
246,Student246,Test246,student246@yahoo.com,DATA200,A,96
247,Student247,Test247,student247@yahoo.com,DATA200,A,97
248,Student248,Test248,student248@yahoo.com,DATA200,A,98
249,Student249,Test249,student249@yahoo.com,DATA200,A,99
250,Student250,Test250,student250@yahoo.com,DATA200,A,90
251,Student251,Test251,student251@yahoo.com,DATA200,A,91
252,Student252,Test252,student252@yahoo.com,DATA200,A,92
253,Student253,Test253,student253@yahoo.com,DATA200,A,93
254,Student254,Test254,student254@yahoo.com,DATA200,A,94
255,Student255,Test255,student255@yahoo.com,DATA200,A,95
256,Student256,Test256,student256@yahoo.com,DATA200,A,96
257,Student257,Test257,student257@yahoo.com,DATA200,A,97
258,Student258,Test258,student258@yahoo.com,DATA200,A,98
259,Student259,Test259,student259@yahoo.com,DATA200,A,99
260,Student260,Test260,student260@yahoo.com,DATA200,A,90
261,Student261,Test261,student261@yahoo.com,DATA200,A,91
262,Student262,Test262,student262@yahoo.com,DATA200,A,92
263,Student263,Test263,student263@yahoo.com,DATA200,A,93
264,Student264,Test264,student264@yahoo.com,DATA200,A,94
265,Student265,Test265,student265@yahoo.com,DATA200,A,95
266,Student266,Test266,student266@yahoo.com,DATA200,A,96
267,Student267,Test267,student267@yahoo.com,DATA200,A,97
268,Student268,Test268,student268@yahoo.com,DATA200,A,98
269,Student269,Test269,student269@yahoo.com,DATA200,A,99
270,Student270,Test270,student270@yahoo.com,DATA200,A,90
271,Student271,Test271,student271@yahoo.com,DATA200,A,91
272,Student272,Test272,student272@yahoo.com,DATA200,A,92
273,Student273,Test273,student273@yahoo.com,DATA200,A,93
274,Student274,Test274,student274@yahoo.com,DATA200,A,94
275,Student275,Test275,student275@yahoo.com,DATA200,A,95
276,Student276,Test276,student276@yahoo.com,DATA200,A,96
277,Student277,Test277,student277@yahoo.com,DATA200,A,97
278,Student278,Test278,student278@yahoo.com,DATA200,A,98
279,Student279,Test279,student279@yahoo.com,DATA200,A,99
280,Student280,Test280,student280@yahoo.com,DATA200,A,90
281,Student281,Test281,student281@yahoo.com,DATA200,A,91
282,Student282,Test282,student282@yahoo.com,DATA200,A,92
283,Student283,Test283,student283@yahoo.com,DATA200,A,93
284,Student284,Test284,student284@yahoo.com,DATA200,A,94
285,Student285,Test285,student285@yahoo.com,DATA200,A,95
286,Student286,Test286,student286@yahoo.com,DATA200,A,96
287,Student287,Test287,student287@yahoo.com,DATA200,A,97
288,Student288,Test288,student288@yahoo.com,DATA200,A,98
289,Student289,Test289,student289@yahoo.com,DATA200,A,99
290,Student290,Test290,student290@yahoo.com,DATA200,A,90
291,Student291,Test291,student291@yahoo.com,DATA200,A,91
292,Student292,Test292,student292@yahoo.com,DATA200,A,92
293,Student293,Test293,student293@yahoo.com,DATA200,A,93
294,Student294,Test294,student294@yahoo.com,DATA200,A,94
295,Student295,Test295,student295@yahoo.com,DATA200,A,95
296,Student296,Test296,student296@yahoo.com,DATA200,A,96
297,Student297,Test297,student297@yahoo.com,DATA200,A,97
298,Student298,Test298,student298@yahoo.com,DATA200,A,98
299,Student299,Test299,student299@yahoo.com,DATA200,A,99
300,Student300,Test300,student300@yahoo.com,DATA200,A,90
301,Student301,Test301,student301@yahoo.com,DATA200,A,91
302,Student302,Test302,student302@yahoo.com,DATA200,A,92
303,Student303,Test303,student303@yahoo.com,DATA200,A,93
304,Student304,Test304,student304@yahoo.com,DATA200,A,94
305,Student305,Test305,student305@yahoo.com,DATA200,A,95
306,Student306,Test306,student306@yahoo.com,DATA200,A,96
307,Student307,Test307,student307@yahoo.com,DATA200,A,97
308,Student308,Test308,student308@yahoo.com,DATA200,A,98
309,Student309,Test309,student309@yahoo.com,DATA200,A,99
310,Student310,Test310,student310@yahoo.com,DATA200,A,90
311,Student311,Test311,student311@yahoo.com,DATA200,A,91
312,Student312,Test312,student312@yahoo.com,DATA200,A,92
313,Student313,Test313,student313@yahoo.com,DATA200,A,93
314,Student314,Test314,student314@yahoo.com,DATA200,A,94
315,Student315,Test315,student315@yahoo.com,DATA200,A,95
316,Student316,Test316,student316@yahoo.com,DATA200,A,96
317,Student317,Test317,student317@yahoo.com,DATA200,A,97
318,Student318,Test318,student318@yahoo.com,DATA200,A,98
319,Student319,Test319,student319@yahoo.com,DATA200,A,99
320,Student320,Test320,student320@yahoo.com,DATA200,A,90
321,Student321,Test321,student321@yahoo.com,DATA200,A,91
322,Student322,Test322,student322@yahoo.com,DATA200,A,92
323,Student323,Test323,student323@yahoo.com,DATA200,A,93
324,Student324,Test324,student324@yahoo.com,DATA200,A,94
325,Student325,Test325,student325@yahoo.com,DATA200,A,95
326,Student326,Test326,student326@yahoo.com,DATA200,A,96
327,Student327,Test327,student327@yahoo.com,DATA200,A,97
328,Student328,Test328,student328@yahoo.com,DATA200,A,98
329,Student329,Test329,student329@yahoo.com,DATA200,A,99
330,Student330,Test330,student330@yahoo.com,DATA200,A,90
331,Student331,Test331,student331@yahoo.com,DATA200,A,91
332,Student332,Test332,student332@yahoo.com,DATA200,A,92
333,Student333,Test333,student333@yahoo.com,DATA200,A,93
334,Student334,Test334,student334@yahoo.com,DATA200,A,94
335,Student335,Test335,student335@yahoo.com,DATA200,A,95
336,Student336,Test336,student336@yahoo.com,DATA200,A,96
337,Student337,Test337,student337@yahoo.com,DATA200,A,97
338,Student338,Test338,student338@yahoo.com,DATA200,A,98
339,Student339,Test339,student339@yahoo.com,DATA200,A,99
340,Student340,Test340,student340@yahoo.com,DATA200,A,90
341,Student341,Test341,student341@yahoo.com,DATA200,A,91
342,Student342,Test342,student342@yahoo.com,DATA200,A,92
343,Student343,Test343,student343@yahoo.com,DATA200,A,93
344,Student344,Test344,student344@yahoo.com,DATA200,A,94
345,Student345,Test345,student345@yahoo.com,DATA200,A,95
346,Student346,Test346,student346@yahoo.com,DATA200,A,96
347,Student347,Test347,student347@yahoo.com,DATA200,A,97
348,Student348,Test348,student348@yahoo.com,DATA200,A,98
349,Student349,Test349,student349@yahoo.com,DATA200,A,99
350,Student350,Test350,student350@yahoo.com,DATA200,A,90
351,Student351,Test351,student351@yahoo.com,DATA200,A,91
352,Student352,Test352,student352@yahoo.com,DATA200,A,92
353,Student353,Test353,student353@yahoo.com,DATA200,A,93
354,Student354,Test354,student354@yahoo.com,DATA200,A,94
355,Student355,Test355,student355@yahoo.com,DATA200,A,95
356,Student356,Test356,student356@yahoo.com,DATA200,A,96
357,Student357,Test357,student357@yahoo.com,DATA200,A,97
358,Student358,Test358,student358@yahoo.com,DATA200,A,98
359,Student359,Test359,student359@yahoo.com,DATA200,A,99
360,Student360,Test360,student360@yahoo.com,DATA200,A,90
361,Student361,Test361,student361@yahoo.com,DATA200,A,91
362,Student362,Test362,student362@yahoo.com,DATA200,A,92
363,Student363,Test363,student363@yahoo.com,DATA200,A,93
364,Student364,Test364,student364@yahoo.com,DATA200,A,94
365,Student365,Test365,student365@yahoo.com,DATA200,A,95
366,Student366,Test366,student366@yahoo.com,DATA200,A,96
367,Student367,Test367,student367@yahoo.com,DATA200,A,97
368,Student368,Test368,student368@yahoo.com,DATA200,A,98
369,Student369,Test369,student369@yahoo.com,DATA200,A,99
370,Student370,Test370,student370@yahoo.com,DATA200,A,90
371,Student371,Test371,student371@yahoo.com,DATA200,A,91
372,Student372,Test372,student372@yahoo.com,DATA200,A,92
373,Student373,Test373,student373@yahoo.com,DATA200,A,93
374,Student374,Test374,student374@yahoo.com,DATA200,A,94
375,Student375,Test375,student375@yahoo.com,DATA200,A,95
376,Student376,Test376,student376@yahoo.com,DATA200,A,96
377,Student377,Test377,student377@yahoo.com,DATA200,A,97
378,Student378,Test378,student378@yahoo.com,DATA200,A,98
379,Student379,Test379,student379@yahoo.com,DATA200,A,99
380,Student380,Test380,student380@yahoo.com,DATA200,A,90
381,Student381,Test381,student381@yahoo.com,DATA200,A,91
382,Student382,Test382,student382@yahoo.com,DATA200,A,92
383,Student383,Test383,student383@yahoo.com,DATA200,A,93
384,Student384,Test384,student384@yahoo.com,DATA200,A,94
385,Student385,Test385,student385@yahoo.com,DATA200,A,95
386,Student386,Test386,student386@yahoo.com,DATA200,A,96
387,Student387,Test387,student387@yahoo.com,DATA200,A,97
388,Student388,Test388,student388@yahoo.com,DATA200,A,98
389,Student389,Test389,student389@yahoo.com,DATA200,A,99
390,Student390,Test390,student390@yahoo.com,DATA200,A,90
391,Student391,Test391,student391@yahoo.com,DATA200,A,91
392,Student392,Test392,student392@yahoo.com,DATA200,A,92
393,Student393,Test393,student393@yahoo.com,DATA200,A,93
394,Student394,Test394,student394@yahoo.com,DATA200,A,94
395,Student395,Test395,student395@yahoo.com,DATA200,A,95
396,Student396,Test396,student396@yahoo.com,DATA200,A,96
397,Student397,Test397,student397@yahoo.com,DATA200,A,97
398,Student398,Test398,student398@yahoo.com,DATA200,A,98
399,Student399,Test399,student399@yahoo.com,DATA200,A,99
400,Student400,Test400,student400@yahoo.com,DATA200,A,90
401,Student401,Test401,student401@yahoo.com,DATA200,A,91
402,Student402,Test402,student402@yahoo.com,DATA200,A,92
403,Student403,Test403,student403@yahoo.com,DATA200,A,93
404,Student404,Test404,student404@yahoo.com,DATA200,A,94
405,Student405,Test405,student405@yahoo.com,DATA200,A,95
406,Student406,Test406,student406@yahoo.com,DATA200,A,96
407,Student407,Test407,student407@yahoo.com,DATA200,A,97
408,Student408,Test408,student408@yahoo.com,DATA200,A,98
409,Student409,Test409,student409@yahoo.com,DATA200,A,99
410,Student410,Test410,student410@yahoo.com,DATA200,A,90
411,Student411,Test411,student411@yahoo.com,DATA200,A,91
412,Student412,Test412,student412@yahoo.com,DATA200,A,92
413,Student413,Test413,student413@yahoo.com,DATA200,A,93
414,Student414,Test414,student414@yahoo.com,DATA200,A,94
415,Student415,Test415,student415@yahoo.com,DATA200,A,95
416,Student416,Test416,student416@yahoo.com,DATA200,A,96
417,Student417,Test417,student417@yahoo.com,DATA200,A,97
418,Student418,Test418,student418@yahoo.com,DATA200,A,98
419,Student419,Test419,student419@yahoo.com,DATA200,A,99
420,Student420,Test420,student420@yahoo.com,DATA200,A,90
421,Student421,Test421,student421@yahoo.com,DATA200,A,91
422,Student422,Test422,student422@yahoo.com,DATA200,A,92
423,Student423,Test423,student423@yahoo.com,DATA200,A,93
424,Student424,Test424,student424@yahoo.com,DATA200,A,94
425,Student425,Test425,student425@yahoo.com,DATA200,A,95
426,Student426,Test426,student426@yahoo.com,DATA200,A,96
427,Student427,Test427,student427@yahoo.com,DATA200,A,97
428,Student428,Test428,student428@yahoo.com,DATA200,A,98
429,Student429,Test429,student429@yahoo.com,DATA200,A,99
430,Student430,Test430,student430@yahoo.com,DATA200,A,90
431,Student431,Test431,student431@yahoo.com,DATA200,A,91
432,Student432,Test432,student432@yahoo.com,DATA200,A,92
433,Student433,Test433,student433@yahoo.com,DATA200,A,93
434,Student434,Test434,student434@yahoo.com,DATA200,A,94
435,Student435,Test435,student435@yahoo.com,DATA200,A,95
436,Student436,Test436,student436@yahoo.com,DATA200,A,96
437,Student437,Test437,student437@yahoo.com,DATA200,A,97
438,Student438,Test438,student438@yahoo.com,DATA200,A,98
439,Student439,Test439,student439@yahoo.com,DATA200,A,99
440,Student440,Test440,student440@yahoo.com,DATA200,A,90
441,Student441,Test441,student441@yahoo.com,DATA200,A,91
442,Student442,Test442,student442@yahoo.com,DATA200,A,92
443,Student443,Test443,student443@yahoo.com,DATA200,A,93
444,Student444,Test444,student444@yahoo.com,DATA200,A,94
445,Student445,Test445,student445@yahoo.com,DATA200,A,95
446,Student446,Test446,student446@yahoo.com,DATA200,A,96
447,Student447,Test447,student447@yahoo.com,DATA200,A,97
448,Student448,Test448,student448@yahoo.com,DATA200,A,98
449,Student449,Test449,student449@yahoo.com,DATA200,A,99
450,Student450,Test450,student450@yahoo.com,DATA200,A,90
451,Student451,Test451,student451@yahoo.com,DATA200,A,91
452,Student452,Test452,student452@yahoo.com,DATA200,A,92
453,Student453,Test453,student453@yahoo.com,DATA200,A,93
454,Student454,Test454,student454@yahoo.com,DATA200,A,94
455,Student455,Test455,student455@yahoo.com,DATA200,A,95
456,Student456,Test456,student456@yahoo.com,DATA200,A,96
457,Student457,Test457,student457@yahoo.com,DATA200,A,97
458,Student458,Test458,student458@yahoo.com,DATA200,A,98
459,Student459,Test459,student459@yahoo.com,DATA200,A,99
460,Student460,Test460,student460@yahoo.com,DATA200,A,90
461,Student461,Test461,student461@yahoo.com,DATA200,A,91
462,Student462,Test462,student462@yahoo.com,DATA200,A,92
463,Student463,Test463,student463@yahoo.com,DATA200,A,93
464,Student464,Test464,student464@yahoo.com,DATA200,A,94
465,Student465,Test465,student465@yahoo.com,DATA200,A,95
466,Student466,Test466,student466@yahoo.com,DATA200,A,96
467,Student467,Test467,student467@yahoo.com,DATA200,A,97
468,Student468,Test468,student468@yahoo.com,DATA200,A,98
469,Student469,Test469,student469@yahoo.com,DATA200,A,99
470,Student470,Test470,student470@yahoo.com,DATA200,A,90
471,Student471,Test471,student471@yahoo.com,DATA200,A,91
472,Student472,Test472,student472@yahoo.com,DATA200,A,92
473,Student473,Test473,student473@yahoo.com,DATA200,A,93
474,Student474,Test474,student474@yahoo.com,DATA200,A,94
475,Student475,Test475,student475@yahoo.com,DATA200,A,95
476,Student476,Test476,student476@yahoo.com,DATA200,A,96
477,Student477,Test477,student477@yahoo.com,DATA200,A,97
478,Student478,Test478,student478@yahoo.com,DATA200,A,98
479,Student479,Test479,student479@yahoo.com,DATA200,A,99
480,Student480,Test480,student480@yahoo.com,DATA200,A,90
481,Student481,Test481,student481@yahoo.com,DATA200,A,91
482,Student482,Test482,student482@yahoo.com,DATA200,A,92
483,Student483,Test483,student483@yahoo.com,DATA200,A,93
484,Student484,Test484,student484@yahoo.com,DATA200,A,94
485,Student485,Test485,student485@yahoo.com,DATA200,A,95
486,Student486,Test486,student486@yahoo.com,DATA200,A,96
487,Student487,Test487,student487@yahoo.com,DATA200,A,97
488,Student488,Test488,student488@yahoo.com,DATA200,A,98
489,Student489,Test489,student489@yahoo.com,DATA200,A,99
490,Student490,Test490,student490@yahoo.com,DATA200,A,90
491,Student491,Test491,student491@yahoo.com,DATA200,A,91
492,Student492,Test492,student492@yahoo.com,DATA200,A,92
493,Student493,Test493,student493@yahoo.com,DATA200,A,93
494,Student494,Test494,student494@yahoo.com,DATA200,A,94
495,Student495,Test495,student495@yahoo.com,DATA200,A,95
496,Student496,Test496,student496@yahoo.com,DATA200,A,96
497,Student497,Test497,student497@yahoo.com,DATA200,A,97
498,Student498,Test498,student498@yahoo.com,DATA200,A,98
499,Student499,Test499,student499@yahoo.com,DATA200,A,99
500,Student500,Test500,student500@yahoo.com,DATA200,A,90
501,Student501,Test501,student501@yahoo.com,DATA200,A,91
502,Student502,Test502,student502@yahoo.com,DATA200,A,92
503,Student503,Test503,student503@yahoo.com,DATA200,A,93
504,Student504,Test504,student504@yahoo.com,DATA200,A,94
505,Student505,Test505,student505@yahoo.com,DATA200,A,95
506,Student506,Test506,student506@yahoo.com,DATA200,A,96
507,Student507,Test507,student507@yahoo.com,DATA200,A,97
508,Student508,Test508,student508@yahoo.com,DATA200,A,98
509,Student509,Test509,student509@yahoo.com,DATA200,A,99
510,Student510,Test510,student510@yahoo.com,DATA200,A,90
511,Student511,Test511,student511@yahoo.com,DATA200,A,91
512,Student512,Test512,student512@yahoo.com,DATA200,A,92
513,Student513,Test513,student513@yahoo.com,DATA200,A,93
514,Student514,Test514,student514@yahoo.com,DATA200,A,94
515,Student515,Test515,student515@yahoo.com,DATA200,A,95
516,Student516,Test516,student516@yahoo.com,DATA200,A,96
517,Student517,Test517,student517@yahoo.com,DATA200,A,97
518,Student518,Test518,student518@yahoo.com,DATA200,A,98
519,Student519,Test519,student519@yahoo.com,DATA200,A,99
520,Student520,Test520,student520@yahoo.com,DATA200,A,90
521,Student521,Test521,student521@yahoo.com,DATA200,A,91
522,Student522,Test522,student522@yahoo.com,DATA200,A,92
523,Student523,Test523,student523@yahoo.com,DATA200,A,93
524,Student524,Test524,student524@yahoo.com,DATA200,A,94
525,Student525,Test525,student525@yahoo.com,DATA200,A,95
526,Student526,Test526,student526@yahoo.com,DATA200,A,96
527,Student527,Test527,student527@yahoo.com,DATA200,A,97
528,Student528,Test528,student528@yahoo.com,DATA200,A,98
529,Student529,Test529,student529@yahoo.com,DATA200,A,99
530,Student530,Test530,student530@yahoo.com,DATA200,A,90
531,Student531,Test531,student531@yahoo.com,DATA200,A,91
532,Student532,Test532,student532@yahoo.com,DATA200,A,92
533,Student533,Test533,student533@yahoo.com,DATA200,A,93
534,Student534,Test534,student534@yahoo.com,DATA200,A,94
535,Student535,Test535,student535@yahoo.com,DATA200,A,95
536,Student536,Test536,student536@yahoo.com,DATA200,A,96
537,Student537,Test537,student537@yahoo.com,DATA200,A,97
538,Student538,Test538,student538@yahoo.com,DATA200,A,98
539,Student539,Test539,student539@yahoo.com,DATA200,A,99
540,Student540,Test540,student540@yahoo.com,DATA200,A,90
541,Student541,Test541,student541@yahoo.com,DATA200,A,91
542,Student542,Test542,student542@yahoo.com,DATA200,A,92
543,Student543,Test543,student543@yahoo.com,DATA200,A,93
544,Student544,Test544,student544@yahoo.com,DATA200,A,94
545,Student545,Test545,student545@yahoo.com,DATA200,A,95
546,Student546,Test546,student546@yahoo.com,DATA200,A,96
547,Student547,Test547,student547@yahoo.com,DATA200,A,97
548,Student548,Test548,student548@yahoo.com,DATA200,A,98
549,Student549,Test549,student549@yahoo.com,DATA200,A,99
550,Student550,Test550,student550@yahoo.com,DATA200,A,90
551,Student551,Test551,student551@yahoo.com,DATA200,A,91
552,Student552,Test552,student552@yahoo.com,DATA200,A,92
553,Student553,Test553,student553@yahoo.com,DATA200,A,93
554,Student554,Test554,student554@yahoo.com,DATA200,A,94
555,Student555,Test555,student555@yahoo.com,DATA200,A,95
556,Student556,Test556,student556@yahoo.com,DATA200,A,96
557,Student557,Test557,student557@yahoo.com,DATA200,A,97
558,Student558,Test558,student558@yahoo.com,DATA200,A,98
559,Student559,Test559,student559@yahoo.com,DATA200,A,99
560,Student560,Test560,student560@yahoo.com,DATA200,A,90
561,Student561,Test561,student561@yahoo.com,DATA200,A,91
562,Student562,Test562,student562@yahoo.com,DATA200,A,92
563,Student563,Test563,student563@yahoo.com,DATA200,A,93
564,Student564,Test564,student564@yahoo.com,DATA200,A,94
565,Student565,Test565,student565@yahoo.com,DATA200,A,95
566,Student566,Test566,student566@yahoo.com,DATA200,A,96
567,Student567,Test567,student567@yahoo.com,DATA200,A,97
568,Student568,Test568,student568@yahoo.com,DATA200,A,98
569,Student569,Test569,student569@yahoo.com,DATA200,A,99
570,Student570,Test570,student570@yahoo.com,DATA200,A,90
571,Student571,Test571,student571@yahoo.com,DATA200,A,91
572,Student572,Test572,student572@yahoo.com,DATA200,A,92
573,Student573,Test573,student573@yahoo.com,DATA200,A,93
574,Student574,Test574,student574@yahoo.com,DATA200,A,94
575,Student575,Test575,student575@yahoo.com,DATA200,A,95
576,Student576,Test576,student576@yahoo.com,DATA200,A,96
577,Student577,Test577,student577@yahoo.com,DATA200,A,97
578,Student578,Test578,student578@yahoo.com,DATA200,A,98
579,Student579,Test579,student579@yahoo.com,DATA200,A,99
580,Student580,Test580,student580@yahoo.com,DATA200,A,90
581,Student581,Test581,student581@yahoo.com,DATA200,A,91
582,Student582,Test582,student582@yahoo.com,DATA200,A,92
583,Student583,Test583,student583@yahoo.com,DATA200,A,93
584,Student584,Test584,student584@yahoo.com,DATA200,A,94
585,Student585,Test585,student585@yahoo.com,DATA200,A,95
586,Student586,Test586,student586@yahoo.com,DATA200,A,96
587,Student587,Test587,student587@yahoo.com,DATA200,A,97
588,Student588,Test588,student588@yahoo.com,DATA200,A,98
589,Student589,Test589,student589@yahoo.com,DATA200,A,99
590,Student590,Test590,student590@yahoo.com,DATA200,A,90
591,Student591,Test591,student591@yahoo.com,DATA200,A,91
592,Student592,Test592,student592@yahoo.com,DATA200,A,92
593,Student593,Test593,student593@yahoo.com,DATA200,A,93
594,Student594,Test594,student594@yahoo.com,DATA200,A,94
595,Student595,Test595,student595@yahoo.com,DATA200,A,95
596,Student596,Test596,student596@yahoo.com,DATA200,A,96
597,Student597,Test597,student597@yahoo.com,DATA200,A,97
598,Student598,Test598,student598@yahoo.com,DATA200,A,98
599,Student599,Test599,student599@yahoo.com,DATA200,A,99
600,Student600,Test600,student600@yahoo.com,DATA200,A,90
601,Student601,Test601,student601@yahoo.com,DATA200,A,91
602,Student602,Test602,student602@yahoo.com,DATA200,A,92
603,Student603,Test603,student603@yahoo.com,DATA200,A,93
604,Student604,Test604,student604@yahoo.com,DATA200,A,94
605,Student605,Test605,student605@yahoo.com,DATA200,A,95
606,Student606,Test606,student606@yahoo.com,DATA200,A,96
607,Student607,Test607,student607@yahoo.com,DATA200,A,97
608,Student608,Test608,student608@yahoo.com,DATA200,A,98
609,Student609,Test609,student609@yahoo.com,DATA200,A,99
610,Student610,Test610,student610@yahoo.com,DATA200,A,90
611,Student611,Test611,student611@yahoo.com,DATA200,A,91
612,Student612,Test612,student612@yahoo.com,DATA200,A,92
613,Student613,Test613,student613@yahoo.com,DATA200,A,93
614,Student614,Test614,student614@yahoo.com,DATA200,A,94
615,Student615,Test615,student615@yahoo.com,DATA200,A,95
616,Student616,Test616,student616@yahoo.com,DATA200,A,96
617,Student617,Test617,student617@yahoo.com,DATA200,A,97
618,Student618,Test618,student618@yahoo.com,DATA200,A,98
619,Student619,Test619,student619@yahoo.com,DATA200,A,99
620,Student620,Test620,student620@yahoo.com,DATA200,A,90
621,Student621,Test621,student621@yahoo.com,DATA200,A,91
622,Student622,Test622,student622@yahoo.com,DATA200,A,92
623,Student623,Test623,student623@yahoo.com,DATA200,A,93
624,Student624,Test624,student624@yahoo.com,DATA200,A,94
625,Student625,Test625,student625@yahoo.com,DATA200,A,95
626,Student626,Test626,student626@yahoo.com,DATA200,A,96
627,Student627,Test627,student627@yahoo.com,DATA200,A,97
628,Student628,Test628,student628@yahoo.com,DATA200,A,98
629,Student629,Test629,student629@yahoo.com,DATA200,A,99
630,Student630,Test630,student630@yahoo.com,DATA200,A,90
631,Student631,Test631,student631@yahoo.com,DATA200,A,91
632,Student632,Test632,student632@yahoo.com,DATA200,A,92
633,Student633,Test633,student633@yahoo.com,DATA200,A,93
634,Student634,Test634,student634@yahoo.com,DATA200,A,94
635,Student635,Test635,student635@yahoo.com,DATA200,A,95
636,Student636,Test636,student636@yahoo.com,DATA200,A,96
637,Student637,Test637,student637@yahoo.com,DATA200,A,97
638,Student638,Test638,student638@yahoo.com,DATA200,A,98
639,Student639,Test639,student639@yahoo.com,DATA200,A,99
640,Student640,Test640,student640@yahoo.com,DATA200,A,90
641,Student641,Test641,student641@yahoo.com,DATA200,A,91
642,Student642,Test642,student642@yahoo.com,DATA200,A,92
643,Student643,Test643,student643@yahoo.com,DATA200,A,93
644,Student644,Test644,student644@yahoo.com,DATA200,A,94
645,Student645,Test645,student645@yahoo.com,DATA200,A,95
646,Student646,Test646,student646@yahoo.com,DATA200,A,96
647,Student647,Test647,student647@yahoo.com,DATA200,A,97
648,Student648,Test648,student648@yahoo.com,DATA200,A,98
649,Student649,Test649,student649@yahoo.com,DATA200,A,99
650,Student650,Test650,student650@yahoo.com,DATA200,A,90
651,Student651,Test651,student651@yahoo.com,DATA200,A,91
652,Student652,Test652,student652@yahoo.com,DATA200,A,92
653,Student653,Test653,student653@yahoo.com,DATA200,A,93
654,Student654,Test654,student654@yahoo.com,DATA200,A,94
655,Student655,Test655,student655@yahoo.com,DATA200,A,95
656,Student656,Test656,student656@yahoo.com,DATA200,A,96
657,Student657,Test657,student657@yahoo.com,DATA200,A,97
658,Student658,Test658,student658@yahoo.com,DATA200,A,98
659,Student659,Test659,student659@yahoo.com,DATA200,A,99
660,Student660,Test660,student660@yahoo.com,DATA200,A,90
661,Student661,Test661,student661@yahoo.com,DATA200,A,91
662,Student662,Test662,student662@yahoo.com,DATA200,A,92
663,Student663,Test663,student663@yahoo.com,DATA200,A,93
664,Student664,Test664,student664@yahoo.com,DATA200,A,94
665,Student665,Test665,student665@yahoo.com,DATA200,A,95
666,Student666,Test666,student666@yahoo.com,DATA200,A,96
667,Student667,Test667,student667@yahoo.com,DATA200,A,97
668,Student668,Test668,student668@yahoo.com,DATA200,A,98
669,Student669,Test669,student669@yahoo.com,DATA200,A,99
670,Student670,Test670,student670@yahoo.com,DATA200,A,90
671,Student671,Test671,student671@yahoo.com,DATA200,A,91
672,Student672,Test672,student672@yahoo.com,DATA200,A,92
673,Student673,Test673,student673@yahoo.com,DATA200,A,93
674,Student674,Test674,student674@yahoo.com,DATA200,A,94
675,Student675,Test675,student675@yahoo.com,DATA200,A,95
676,Student676,Test676,student676@yahoo.com,DATA200,A,96
677,Student677,Test677,student677@yahoo.com,DATA200,A,97
678,Student678,Test678,student678@yahoo.com,DATA200,A,98
679,Student679,Test679,student679@yahoo.com,DATA200,A,99
680,Student680,Test680,student680@yahoo.com,DATA200,A,90
681,Student681,Test681,student681@yahoo.com,DATA200,A,91
682,Student682,Test682,student682@yahoo.com,DATA200,A,92
683,Student683,Test683,student683@yahoo.com,DATA200,A,93
684,Student684,Test684,student684@yahoo.com,DATA200,A,94
685,Student685,Test685,student685@yahoo.com,DATA200,A,95
686,Student686,Test686,student686@yahoo.com,DATA200,A,96
687,Student687,Test687,student687@yahoo.com,DATA200,A,97
688,Student688,Test688,student688@yahoo.com,DATA200,A,98
689,Student689,Test689,student689@yahoo.com,DATA200,A,99
690,Student690,Test690,student690@yahoo.com,DATA200,A,90
691,Student691,Test691,student691@yahoo.com,DATA200,A,91
692,Student692,Test692,student692@yahoo.com,DATA200,A,92
693,Student693,Test693,student693@yahoo.com,DATA200,A,93
694,Student694,Test694,student694@yahoo.com,DATA200,A,94
695,Student695,Test695,student695@yahoo.com,DATA200,A,95
696,Student696,Test696,student696@yahoo.com,DATA200,A,96
697,Student697,Test697,student697@yahoo.com,DATA200,A,97
698,Student698,Test698,student698@yahoo.com,DATA200,A,98
699,Student699,Test699,student699@yahoo.com,DATA200,A,99
700,Student700,Test700,student700@yahoo.com,DATA200,A,90
701,Student701,Test701,student701@yahoo.com,DATA200,A,91
702,Student702,Test702,student702@yahoo.com,DATA200,A,92
703,Student703,Test703,student703@yahoo.com,DATA200,A,93
704,Student704,Test704,student704@yahoo.com,DATA200,A,94
705,Student705,Test705,student705@yahoo.com,DATA200,A,95
706,Student706,Test706,student706@yahoo.com,DATA200,A,96
707,Student707,Test707,student707@yahoo.com,DATA200,A,97
708,Student708,Test708,student708@yahoo.com,DATA200,A,98
709,Student709,Test709,student709@yahoo.com,DATA200,A,99
710,Student710,Test710,student710@yahoo.com,DATA200,A,90
711,Student711,Test711,student711@yahoo.com,DATA200,A,91
712,Student712,Test712,student712@yahoo.com,DATA200,A,92
713,Student713,Test713,student713@yahoo.com,DATA200,A,93
714,Student714,Test714,student714@yahoo.com,DATA200,A,94
715,Student715,Test715,student715@yahoo.com,DATA200,A,95
716,Student716,Test716,student716@yahoo.com,DATA200,A,96
717,Student717,Test717,student717@yahoo.com,DATA200,A,97
718,Student718,Test718,student718@yahoo.com,DATA200,A,98
719,Student719,Test719,student719@yahoo.com,DATA200,A,99
720,Student720,Test720,student720@yahoo.com,DATA200,A,90
721,Student721,Test721,student721@yahoo.com,DATA200,A,91
722,Student722,Test722,student722@yahoo.com,DATA200,A,92
723,Student723,Test723,student723@yahoo.com,DATA200,A,93
724,Student724,Test724,student724@yahoo.com,DATA200,A,94
725,Student725,Test725,student725@yahoo.com,DATA200,A,95
726,Student726,Test726,student726@yahoo.com,DATA200,A,96
727,Student727,Test727,student727@yahoo.com,DATA200,A,97
728,Student728,Test728,student728@yahoo.com,DATA200,A,98
729,Student729,Test729,student729@yahoo.com,DATA200,A,99
730,Student730,Test730,student730@yahoo.com,DATA200,A,90
731,Student731,Test731,student731@yahoo.com,DATA200,A,91
732,Student732,Test732,student732@yahoo.com,DATA200,A,92
733,Student733,Test733,student733@yahoo.com,DATA200,A,93
734,Student734,Test734,student734@yahoo.com,DATA200,A,94
735,Student735,Test735,student735@yahoo.com,DATA200,A,95
736,Student736,Test736,student736@yahoo.com,DATA200,A,96
737,Student737,Test737,student737@yahoo.com,DATA200,A,97
738,Student738,Test738,student738@yahoo.com,DATA200,A,98
739,Student739,Test739,student739@yahoo.com,DATA200,A,99
740,Student740,Test740,student740@yahoo.com,DATA200,A,90
741,Student741,Test741,student741@yahoo.com,DATA200,A,91
742,Student742,Test742,student742@yahoo.com,DATA200,A,92
743,Student743,Test743,student743@yahoo.com,DATA200,A,93
744,Student744,Test744,student744@yahoo.com,DATA200,A,94
745,Student745,Test745,student745@yahoo.com,DATA200,A,95
746,Student746,Test746,student746@yahoo.com,DATA200,A,96
747,Student747,Test747,student747@yahoo.com,DATA200,A,97
748,Student748,Test748,student748@yahoo.com,DATA200,A,98
749,Student749,Test749,student749@yahoo.com,DATA200,A,99
750,Student750,Test750,student750@yahoo.com,DATA200,A,90
751,Student751,Test751,student751@yahoo.com,DATA200,A,91
752,Student752,Test752,student752@yahoo.com,DATA200,A,92
753,Student753,Test753,student753@yahoo.com,DATA200,A,93
754,Student754,Test754,student754@yahoo.com,DATA200,A,94
755,Student755,Test755,student755@yahoo.com,DATA200,A,95
756,Student756,Test756,student756@yahoo.com,DATA200,A,96
757,Student757,Test757,student757@yahoo.com,DATA200,A,97
758,Student758,Test758,student758@yahoo.com,DATA200,A,98
759,Student759,Test759,student759@yahoo.com,DATA200,A,99
760,Student760,Test760,student760@yahoo.com,DATA200,A,90
761,Student761,Test761,student761@yahoo.com,DATA200,A,91
762,Student762,Test762,student762@yahoo.com,DATA200,A,92
763,Student763,Test763,student763@yahoo.com,DATA200,A,93
764,Student764,Test764,student764@yahoo.com,DATA200,A,94
765,Student765,Test765,student765@yahoo.com,DATA200,A,95
766,Student766,Test766,student766@yahoo.com,DATA200,A,96
767,Student767,Test767,student767@yahoo.com,DATA200,A,97
768,Student768,Test768,student768@yahoo.com,DATA200,A,98
769,Student769,Test769,student769@yahoo.com,DATA200,A,99
770,Student770,Test770,student770@yahoo.com,DATA200,A,90
771,Student771,Test771,student771@yahoo.com,DATA200,A,91
772,Student772,Test772,student772@yahoo.com,DATA200,A,92
773,Student773,Test773,student773@yahoo.com,DATA200,A,93
774,Student774,Test774,student774@yahoo.com,DATA200,A,94
775,Student775,Test775,student775@yahoo.com,DATA200,A,95
776,Student776,Test776,student776@yahoo.com,DATA200,A,96
777,Student777,Test777,student777@yahoo.com,DATA200,A,97
778,Student778,Test778,student778@yahoo.com,DATA200,A,98
779,Student779,Test779,student779@yahoo.com,DATA200,A,99
780,Student780,Test780,student780@yahoo.com,DATA200,A,90
781,Student781,Test781,student781@yahoo.com,DATA200,A,91
782,Student782,Test782,student782@yahoo.com,DATA200,A,92
783,Student783,Test783,student783@yahoo.com,DATA200,A,93
784,Student784,Test784,student784@yahoo.com,DATA200,A,94
785,Student785,Test785,student785@yahoo.com,DATA200,A,95
786,Student786,Test786,student786@yahoo.com,DATA200,A,96
787,Student787,Test787,student787@yahoo.com,DATA200,A,97
788,Student788,Test788,student788@yahoo.com,DATA200,A,98
789,Student789,Test789,student789@yahoo.com,DATA200,A,99
790,Student790,Test790,student790@yahoo.com,DATA200,A,90
791,Student791,Test791,student791@yahoo.com,DATA200,A,91
792,Student792,Test792,student792@yahoo.com,DATA200,A,92
793,Student793,Test793,student793@yahoo.com,DATA200,A,93
794,Student794,Test794,student794@yahoo.com,DATA200,A,94
795,Student795,Test795,student795@yahoo.com,DATA200,A,95
796,Student796,Test796,student796@yahoo.com,DATA200,A,96
797,Student797,Test797,student797@yahoo.com,DATA200,A,97
798,Student798,Test798,student798@yahoo.com,DATA200,A,98
799,Student799,Test799,student799@yahoo.com,DATA200,A,99
800,Student800,Test800,student800@yahoo.com,DATA200,A,90
801,Student801,Test801,student801@yahoo.com,DATA200,A,91
802,Student802,Test802,student802@yahoo.com,DATA200,A,92
803,Student803,Test803,student803@yahoo.com,DATA200,A,93
804,Student804,Test804,student804@yahoo.com,DATA200,A,94
805,Student805,Test805,student805@yahoo.com,DATA200,A,95
806,Student806,Test806,student806@yahoo.com,DATA200,A,96
807,Student807,Test807,student807@yahoo.com,DATA200,A,97
808,Student808,Test808,student808@yahoo.com,DATA200,A,98
809,Student809,Test809,student809@yahoo.com,DATA200,A,99
810,Student810,Test810,student810@yahoo.com,DATA200,A,90
811,Student811,Test811,student811@yahoo.com,DATA200,A,91
812,Student812,Test812,student812@yahoo.com,DATA200,A,92
813,Student813,Test813,student813@yahoo.com,DATA200,A,93
814,Student814,Test814,student814@yahoo.com,DATA200,A,94
815,Student815,Test815,student815@yahoo.com,DATA200,A,95
816,Student816,Test816,student816@yahoo.com,DATA200,A,96
817,Student817,Test817,student817@yahoo.com,DATA200,A,97
818,Student818,Test818,student818@yahoo.com,DATA200,A,98
819,Student819,Test819,student819@yahoo.com,DATA200,A,99
820,Student820,Test820,student820@yahoo.com,DATA200,A,90
821,Student821,Test821,student821@yahoo.com,DATA200,A,91
822,Student822,Test822,student822@yahoo.com,DATA200,A,92
823,Student823,Test823,student823@yahoo.com,DATA200,A,93
824,Student824,Test824,student824@yahoo.com,DATA200,A,94
825,Student825,Test825,student825@yahoo.com,DATA200,A,95
826,Student826,Test826,student826@yahoo.com,DATA200,A,96
827,Student827,Test827,student827@yahoo.com,DATA200,A,97
828,Student828,Test828,student828@yahoo.com,DATA200,A,98
829,Student829,Test829,student829@yahoo.com,DATA200,A,99
830,Student830,Test830,student830@yahoo.com,DATA200,A,90
831,Student831,Test831,student831@yahoo.com,DATA200,A,91
832,Student832,Test832,student832@yahoo.com,DATA200,A,92
833,Student833,Test833,student833@yahoo.com,DATA200,A,93
834,Student834,Test834,student834@yahoo.com,DATA200,A,94
835,Student835,Test835,student835@yahoo.com,DATA200,A,95
836,Student836,Test836,student836@yahoo.com,DATA200,A,96
837,Student837,Test837,student837@yahoo.com,DATA200,A,97
838,Student838,Test838,student838@yahoo.com,DATA200,A,98
839,Student839,Test839,student839@yahoo.com,DATA200,A,99
840,Student840,Test840,student840@yahoo.com,DATA200,A,90
841,Student841,Test841,student841@yahoo.com,DATA200,A,91
842,Student842,Test842,student842@yahoo.com,DATA200,A,92
843,Student843,Test843,student843@yahoo.com,DATA200,A,93
844,Student844,Test844,student844@yahoo.com,DATA200,A,94
845,Student845,Test845,student845@yahoo.com,DATA200,A,95
846,Student846,Test846,student846@yahoo.com,DATA200,A,96
847,Student847,Test847,student847@yahoo.com,DATA200,A,97
848,Student848,Test848,student848@yahoo.com,DATA200,A,98
849,Student849,Test849,student849@yahoo.com,DATA200,A,99
850,Student850,Test850,student850@yahoo.com,DATA200,A,90
851,Student851,Test851,student851@yahoo.com,DATA200,A,91
852,Student852,Test852,student852@yahoo.com,DATA200,A,92
853,Student853,Test853,student853@yahoo.com,DATA200,A,93
854,Student854,Test854,student854@yahoo.com,DATA200,A,94
855,Student855,Test855,student855@yahoo.com,DATA200,A,95
856,Student856,Test856,student856@yahoo.com,DATA200,A,96
857,Student857,Test857,student857@yahoo.com,DATA200,A,97
858,Student858,Test858,student858@yahoo.com,DATA200,A,98
859,Student859,Test859,student859@yahoo.com,DATA200,A,99
860,Student860,Test860,student860@yahoo.com,DATA200,A,90
861,Student861,Test861,student861@yahoo.com,DATA200,A,91
862,Student862,Test862,student862@yahoo.com,DATA200,A,92
863,Student863,Test863,student863@yahoo.com,DATA200,A,93
864,Student864,Test864,student864@yahoo.com,DATA200,A,94
865,Student865,Test865,student865@yahoo.com,DATA200,A,95
866,Student866,Test866,student866@yahoo.com,DATA200,A,96
867,Student867,Test867,student867@yahoo.com,DATA200,A,97
868,Student868,Test868,student868@yahoo.com,DATA200,A,98
869,Student869,Test869,student869@yahoo.com,DATA200,A,99
870,Student870,Test870,student870@yahoo.com,DATA200,A,90
871,Student871,Test871,student871@yahoo.com,DATA200,A,91
872,Student872,Test872,student872@yahoo.com,DATA200,A,92
873,Student873,Test873,student873@yahoo.com,DATA200,A,93
874,Student874,Test874,student874@yahoo.com,DATA200,A,94
875,Student875,Test875,student875@yahoo.com,DATA200,A,95
876,Student876,Test876,student876@yahoo.com,DATA200,A,96
877,Student877,Test877,student877@yahoo.com,DATA200,A,97
878,Student878,Test878,student878@yahoo.com,DATA200,A,98
879,Student879,Test879,student879@yahoo.com,DATA200,A,99
880,Student880,Test880,student880@yahoo.com,DATA200,A,90
881,Student881,Test881,student881@yahoo.com,DATA200,A,91
882,Student882,Test882,student882@yahoo.com,DATA200,A,92
883,Student883,Test883,student883@yahoo.com,DATA200,A,93
884,Student884,Test884,student884@yahoo.com,DATA200,A,94
885,Student885,Test885,student885@yahoo.com,DATA200,A,95
886,Student886,Test886,student886@yahoo.com,DATA200,A,96
887,Student887,Test887,student887@yahoo.com,DATA200,A,97
888,Student888,Test888,student888@yahoo.com,DATA200,A,98
889,Student889,Test889,student889@yahoo.com,DATA200,A,99
890,Student890,Test890,student890@yahoo.com,DATA200,A,90
891,Student891,Test891,student891@yahoo.com,DATA200,A,91
892,Student892,Test892,student892@yahoo.com,DATA200,A,92
893,Student893,Test893,student893@yahoo.com,DATA200,A,93
894,Student894,Test894,student894@yahoo.com,DATA200,A,94
895,Student895,Test895,student895@yahoo.com,DATA200,A,95
896,Student896,Test896,student896@yahoo.com,DATA200,A,96
897,Student897,Test897,student897@yahoo.com,DATA200,A,97
898,Student898,Test898,student898@yahoo.com,DATA200,A,98
899,Student899,Test899,student899@yahoo.com,DATA200,A,99
900,Student900,Test900,student900@yahoo.com,DATA200,A,90
901,Student901,Test901,student901@yahoo.com,DATA200,A,91
902,Student902,Test902,student902@yahoo.com,DATA200,A,92
903,Student903,Test903,student903@yahoo.com,DATA200,A,93
904,Student904,Test904,student904@yahoo.com,DATA200,A,94
905,Student905,Test905,student905@yahoo.com,DATA200,A,95
906,Student906,Test906,student906@yahoo.com,DATA200,A,96
907,Student907,Test907,student907@yahoo.com,DATA200,A,97
908,Student908,Test908,student908@yahoo.com,DATA200,A,98
909,Student909,Test909,student909@yahoo.com,DATA200,A,99
910,Student910,Test910,student910@yahoo.com,DATA200,A,90
911,Student911,Test911,student911@yahoo.com,DATA200,A,91
912,Student912,Test912,student912@yahoo.com,DATA200,A,92
913,Student913,Test913,student913@yahoo.com,DATA200,A,93
914,Student914,Test914,student914@yahoo.com,DATA200,A,94
915,Student915,Test915,student915@yahoo.com,DATA200,A,95
916,Student916,Test916,student916@yahoo.com,DATA200,A,96
917,Student917,Test917,student917@yahoo.com,DATA200,A,97
918,Student918,Test918,student918@yahoo.com,DATA200,A,98
919,Student919,Test919,student919@yahoo.com,DATA200,A,99
920,Student920,Test920,student920@yahoo.com,DATA200,A,90
921,Student921,Test921,student921@yahoo.com,DATA200,A,91
922,Student922,Test922,student922@yahoo.com,DATA200,A,92
923,Student923,Test923,student923@yahoo.com,DATA200,A,93
924,Student924,Test924,student924@yahoo.com,DATA200,A,94
925,Student925,Test925,student925@yahoo.com,DATA200,A,95
926,Student926,Test926,student926@yahoo.com,DATA200,A,96
927,Student927,Test927,student927@yahoo.com,DATA200,A,97
928,Student928,Test928,student928@yahoo.com,DATA200,A,98
929,Student929,Test929,student929@yahoo.com,DATA200,A,99
930,Student930,Test930,student930@yahoo.com,DATA200,A,90
931,Student931,Test931,student931@yahoo.com,DATA200,A,91
932,Student932,Test932,student932@yahoo.com,DATA200,A,92
933,Student933,Test933,student933@yahoo.com,DATA200,A,93
934,Student934,Test934,student934@yahoo.com,DATA200,A,94
935,Student935,Test935,student935@yahoo.com,DATA200,A,95
936,Student936,Test936,student936@yahoo.com,DATA200,A,96
937,Student937,Test937,student937@yahoo.com,DATA200,A,97
938,Student938,Test938,student938@yahoo.com,DATA200,A,98
939,Student939,Test939,student939@yahoo.com,DATA200,A,99
940,Student940,Test940,student940@yahoo.com,DATA200,A,90
941,Student941,Test941,student941@yahoo.com,DATA200,A,91
942,Student942,Test942,student942@yahoo.com,DATA200,A,92
943,Student943,Test943,student943@yahoo.com,DATA200,A,93
944,Student944,Test944,student944@yahoo.com,DATA200,A,94
945,Student945,Test945,student945@yahoo.com,DATA200,A,95
946,Student946,Test946,student946@yahoo.com,DATA200,A,96
947,Student947,Test947,student947@yahoo.com,DATA200,A,97
948,Student948,Test948,student948@yahoo.com,DATA200,A,98
949,Student949,Test949,student949@yahoo.com,DATA200,A,99
950,Student950,Test950,student950@yahoo.com,DATA200,A,90
951,Student951,Test951,student951@yahoo.com,DATA200,A,91
952,Student952,Test952,student952@yahoo.com,DATA200,A,92
953,Student953,Test953,student953@yahoo.com,DATA200,A,93
954,Student954,Test954,student954@yahoo.com,DATA200,A,94
955,Student955,Test955,student955@yahoo.com,DATA200,A,95
956,Student956,Test956,student956@yahoo.com,DATA200,A,96
957,Student957,Test957,student957@yahoo.com,DATA200,A,97
958,Student958,Test958,student958@yahoo.com,DATA200,A,98
959,Student959,Test959,student959@yahoo.com,DATA200,A,99
960,Student960,Test960,student960@yahoo.com,DATA200,A,90
961,Student961,Test961,student961@yahoo.com,DATA200,A,91
962,Student962,Test962,student962@yahoo.com,DATA200,A,92
963,Student963,Test963,student963@yahoo.com,DATA200,A,93
964,Student964,Test964,student964@yahoo.com,DATA200,A,94
965,Student965,Test965,student965@yahoo.com,DATA200,A,95
966,Student966,Test966,student966@yahoo.com,DATA200,A,96
967,Student967,Test967,student967@yahoo.com,DATA200,A,97
968,Student968,Test968,student968@yahoo.com,DATA200,A,98
969,Student969,Test969,student969@yahoo.com,DATA200,A,99
970,Student970,Test970,student970@yahoo.com,DATA200,A,90
971,Student971,Test971,student971@yahoo.com,DATA200,A,91
972,Student972,Test972,student972@yahoo.com,DATA200,A,92
973,Student973,Test973,student973@yahoo.com,DATA200,A,93
974,Student974,Test974,student974@yahoo.com,DATA200,A,94
975,Student975,Test975,student975@yahoo.com,DATA200,A,95
976,Student976,Test976,student976@yahoo.com,DATA200,A,96
977,Student977,Test977,student977@yahoo.com,DATA200,A,97
978,Student978,Test978,student978@yahoo.com,DATA200,A,98
979,Student979,Test979,student979@yahoo.com,DATA200,A,99
980,Student980,Test980,student980@yahoo.com,DATA200,A,90
981,Student981,Test981,student981@yahoo.com,DATA200,A,91
982,Student982,Test982,student982@yahoo.com,DATA200,A,92
983,Student983,Test983,student983@yahoo.com,DATA200,A,93
984,Student984,Test984,student984@yahoo.com,DATA200,A,94
985,Student985,Test985,student985@yahoo.com,DATA200,A,95
986,Student986,Test986,student986@yahoo.com,DATA200,A,96
987,Student987,Test987,student987@yahoo.com,DATA200,A,97
988,Student988,Test988,student988@yahoo.com,DATA200,A,98
989,Student989,Test989,student989@yahoo.com,DATA200,A,99
990,Student990,Test990,student990@yahoo.com,DATA200,A,90
991,Student991,Test991,student991@yahoo.com,DATA200,A,91
992,Student992,Test992,student992@yahoo.com,DATA200,A,92
993,Student993,Test993,student993@yahoo.com,DATA200,A,93
994,Student994,Test994,student994@yahoo.com,DATA200,A,94
995,Student995,Test995,student995@yahoo.com,DATA200,A,95
996,Student996,Test996,student996@yahoo.com,DATA200,A,96
997,Student997,Test997,student997@yahoo.com,DATA200,A,97
998,Student998,Test998,student998@yahoo.com,DATA200,A,98
999,Student999,Test999,student999@yahoo.com,DATA200,A,99
